iteration,U: H = 2000 m,U: H = 1750 m,U: H = 1500 m,D: H = 2000 m
0,0.704506,0.704375,0.70426,0.4
1,0.936296,0.936014,0.93577,0.6
2,0.94078,0.94067,0.940575,0.8
3,0.940911,0.940809,0.94072,0.8
4,0.940911,0.940809,0.94072,0.8
5,0.940911,0.940809,0.94072,0.8
6,0.940911,0.940809,0.94072,0.8
7,0.940911,0.940809,0.94072,0.8
8,0.940911,0.940809,0.94072,0.8
9,0.940911,0.940809,0.94072,0.8
10,0.940911,0.940809,0.94072,0.8
11,0.940911,0.940809,0.94072,0.8
12,0.940911,0.940809,0.94072,0.8
13,0.940911,0.940809,0.94072,0.8
14,0.940911,0.940809,0.94072,0.8
15,0.940911,0.940809,0.94072,0.8
